{"cameraMode":{"drawMode":0,"name":"Shaded","section":"Shading Mode"},"sceneLighting":true,"audioPlay":false,"sceneViewState":{"showFog":true,"showMaterialUpdate":true,"showSkybox":true,"showFlares":true,"showImageEffects":true,"showParticleSystems":true},"in2DMode":false,"pivot":{"x":-1.8463819026947022,"y":2.560225248336792,"z":-0.23046875},"rotation":{"x":0.09754100441932678,"y":-0.4067850410938263,"z":0.043734580278396609,"w":0.9072476625442505},"size":14.2210054397583,"orthographic":false}